gene,term,comparison,estimate,conf.low,conf.high,tuk_pvalue,fdr.adj.pval
aph2'-Id_104,Treatment,In-Feed-Control,1.444642857142856,0.5929473343418482,2.296338379943864,5.093327297795991e-4,0.01680798008272677
tetW_191,Treatment,In-Feed-Control,0.709593333333334,0.31651457082270906,1.1026720958439589,2.2583127016262416e-4,0.014904863830733195
